{"applicant_id": 2, "is_eligble": false, "iso8601_timestamp": "2017-07-26T06:12:45", "applicant_employer": "Deliveroo", "applicant_nationality": "Belgian", "is_verified": true}
{"applicant_id": 2, "is_eligble": false, "iso8601_timestamp": "2017-07-26T06:12:45", "applicant_employer": "Deliveroo", "applicant_nationality": "Belgian", "is_verified": true}
{"applicant_id": 2, "is_eligble": false, "iso8601_timestamp": "2017-07-26T06:12:45", "applicant_employer": "Deliveroo", "applicant_nationality": "Belgian", "is_verified": true}
{"applicant_id": 5, "is_eligble": true, "iso8601_timestamp": "2017-07-26T06:07:32", "applicant_employer": "BlaBlaCar", "applicant_nationality": "French", "is_verified": true}
{"applicant_id": 5, "is_eligble": true, "iso8601_timestamp": "2017-07-26T06:07:32", "applicant_employer": "BlaBlaCar", "applicant_nationality": "French", "is_verified": true}
{"applicant_id": 5, "is_eligble": true, "iso8601_timestamp": "2017-07-26T06:07:32", "applicant_employer": "BlaBlaCar", "applicant_nationality": "French", "is_verified": true}
{"applicant_id": 4, "is_eligble": false, "iso8601_timestamp": "2017-07-26T06:52:36", "applicant_employer": "Uber", "applicant_nationality": "Turkish"}
